File,Cosine Similarity,SSIM
1.png,0.8999110460281372,-12.601190567016602
2.png,0.7618823647499084,0.030228547751903534
3.png,0.7268241047859192,0.0233320165425539
4.png,0.5170801877975464,0.05723929405212402
5.png,0.507371187210083,0.2615782618522644
6.png,0.6366869211196899,0.2009798288345337
7.png,0.8816705942153931,-12.367480278015137
